customer_name,email,city,country,signup_date
Robert Mcdaniel,ddrake@example.net,Lake Jenniferport,Kazakhstan,2026-05-04
Alicia Horton,stevensrobert@example.com,East Patriciaport,United States Minor Outlying Islands,2025-01-31
Timothy Stevens,ruthsmith@example.com,Hunterland,United Arab Emirates,2026-05-19
Jack Jackson,ibarralaura@example.com,North Catherine,Lithuania,2025-03-23
Jesse Castaneda,halljerry@example.net,Haleymouth,New Caledonia,2025-07-26
Lori Walters,hectorhoward@example.org,Edwardsstad,Montenegro,2025-04-17
Jason Williams,ubullock@example.com,Livingstonside,Cape Verde,2024-10-15
Cynthia Taylor,vangkevin@example.com,North Andrew,Niger,2025-11-08
Kristina Douglas,brianawilson@example.net,Crossview,Russian Federation,2025-05-22
Joshua Cooke,danielleglass@example.com,East Stephanie,Bhutan,2024-11-08
Noah Alvarez,karakaiser@example.net,Jacquelineville,Saudi Arabia,2025-01-08
Steve Camacho,migueladkins@example.net,West Jasmineburgh,Saint Kitts and Nevis,2026-03-06
John Wood,moralesgrant@example.com,Port Joseburgh,Greece,2025-09-06
Erik Bautista,fernandezdavid@example.net,Brownland,Albania,2024-11-26
Andrea Andrade,mckeebrian@example.net,South Rebeccamouth,Palau,2024-10-21
Keith Morrow,andre89@example.net,Johnsonfort,Timor-Leste,2026-02-16
Amanda Baldwin,ayalamaria@example.org,South Dorisville,Turkmenistan,2026-04-12
Ronald Griffin,matthew59@example.com,Lake Justin,Mozambique,2026-04-25
Tracy Sanchez,deannaramos@example.net,Jasonborough,Taiwan,2025-12-20
Michael Murray,thomas94@example.net,Melissaton,Kiribati,2025-03-02
Adam Allen,fanderson@example.net,Wyattfurt,North Macedonia,2024-10-05
Jennifer May,carpentermatthew@example.org,Port Michaelhaven,Turkey,2024-09-25
James Rodgers,ilarsen@example.net,Port Tylerhaven,Marshall Islands,2024-06-11
James Bailey,elizabeth23@example.org,Stephanieshire,Djibouti,2025-04-05
Tiffany Levy,sandrarobinson@example.com,Port Brett,Solomon Islands,2025-06-04
Jason Neal,margaretzhang@example.com,East Charlesfort,Oman,2025-02-23
Christina Allen,meganwilson@example.net,Joelstad,Micronesia,2025-04-11
Rachel Bruce,gsullivan@example.com,Wuchester,Tuvalu,2024-06-28
Rhonda Bonilla,jennifer58@example.org,Port Brandonton,Mauritania,2025-12-17
Susan Yang,jesse29@example.org,Port Andrewmouth,Papua New Guinea,2025-06-30
James Mahoney,daisyortiz@example.org,South Darrell,United Kingdom,2026-02-12
Ann Schroeder,mooremarie@example.org,South Billyfurt,Cayman Islands,2024-06-09
Whitney Olsen,bjordan@example.com,Peckfort,Monaco,2026-01-04
Stacie Jacobson,thomas64@example.net,Lake Johnnyland,Malta,2025-07-24
William Ramos,cbradley@example.org,Port Christophermouth,Hong Kong,2025-04-26
Joseph Kramer,ijohnson@example.net,West Anthonyview,Puerto Rico,2025-05-12
Jennifer Hayden,tgarcia@example.net,East Reginaldview,Nigeria,2025-02-10
Daniel Fowler,nicholas89@example.net,New Willie,Palau,2024-12-11
George Ellis,kevincolon@example.org,Gordonbury,Cuba,2025-06-13
Vickie Miller,lindseylin@example.net,Lake Amy,Mongolia,2025-10-21
Margaret Jones,lisa23@example.com,Gonzalezhaven,Latvia,2025-06-22
Laura Barker,tmartinez@example.org,Lake Patricktown,Bouvet Island (Bouvetoya),2024-06-15
Thomas Cox,ubarton@example.org,West Melissa,Cocos (Keeling) Islands,2025-04-18
Jason Cooper,rebeccaalexander@example.net,Mirandafort,Iraq,2025-10-01
Michelle Lewis,michaelnewton@example.org,East Robert,Bahamas,2026-05-12
Rhonda Kramer,parrishmonique@example.net,Jesseport,Kiribati,2026-04-12
Raymond Hill,kenneth48@example.org,Hayesshire,Vietnam,2026-03-26
William Mckenzie,amy69@example.net,Coryshire,Saudi Arabia,2025-01-01
Ryan Olson,jdennis@example.org,East Brendastad,India,2024-06-11
William Watson,alex89@example.net,Nataliebury,Gambia,2025-05-27
Kimberly Hines,strongbrent@example.org,Mcdanielton,Taiwan,2024-09-27
James Hill,amandamills@example.com,Cindyton,Saint Pierre and Miquelon,2025-06-25
Theresa Velazquez,hbrady@example.net,North Haleyport,Nigeria,2024-07-31
Sandra Hunter,urussell@example.com,Whiteburgh,Tokelau,2026-05-13
Lori Torres,margaret02@example.net,Jasonton,Ghana,2024-11-29
Shelby Johnson,jeffersontonya@example.com,Grayhaven,Haiti,2026-01-09
Katie Hoffman,kperez@example.org,Marquezberg,Lebanon,2025-11-09
Matthew Gonzalez,barbara13@example.net,Lucasbury,Zimbabwe,2024-09-01
Warren Baker,jonessteven@example.net,Davidfort,Cocos (Keeling) Islands,2024-09-13
Madison Smith,catherinemyers@example.org,Wardborough,French Southern Territories,2025-05-28
Samuel Morris,fhendrix@example.com,Moranfort,Ireland,2025-04-25
Angela Simmons,williamthomas@example.com,Mcculloughborough,Bolivia,2025-03-19
Holly Lewis,bendermelissa@example.net,Mcdonaldberg,Iceland,2025-09-07
Christopher Anderson,jacksonjames@example.org,North Glennfurt,Jamaica,2025-07-31
Gregory Brown,mwilliams@example.net,East Jessicamouth,Hungary,2024-06-05
Aaron Butler,jose52@example.org,East Hannahland,Kazakhstan,2025-10-19
Jessica Grimes,nancyhancock@example.org,South Keithside,Ghana,2024-08-24
Robert Martinez,catherinegillespie@example.net,East Robert,Cook Islands,2025-06-13
Nathaniel Barton,fmccormick@example.org,North Sabrinaville,Lao People's Democratic Republic,2026-05-27
Nathan Edwards,stephanie90@example.org,Rochaport,Singapore,2025-09-11
John Clayton,cainsteven@example.net,Port Jacob,Tanzania,2025-12-13
Kelsey Cameron,terry34@example.net,East Donna,Lao People's Democratic Republic,2024-09-02
Bill Herrera,bryanmontgomery@example.net,East Fernando,British Indian Ocean Territory (Chagos Archipelago),2025-11-04
Sara Levy,jimenezbrenda@example.org,Vanessaside,United States Minor Outlying Islands,2025-04-30
David Melendez,bhall@example.org,Garciaview,Indonesia,2024-10-29
Dr. Yvonne Barber,youngeric@example.net,North Rhonda,Congo,2024-11-21
Steven Lewis,christopher52@example.org,Gravesmouth,Kuwait,2025-11-09
Caleb Lee,rochaandrew@example.com,Silvaburgh,Cape Verde,2026-04-09
Evan Dorsey,betty24@example.org,South Alexaland,Sudan,2025-02-09
Paul Anderson,dariusmack@example.com,North Lisachester,Gibraltar,2024-06-04
Katherine Butler,rcarrillo@example.org,South Jeffreyton,British Indian Ocean Territory (Chagos Archipelago),2025-06-08
Casey Gonzalez,dodsonsheila@example.com,Port Veronicahaven,Faroe Islands,2026-04-17
Robert Evans,conleynatalie@example.com,East Juan,Syrian Arab Republic,2024-06-21
Roger Watson,ashley81@example.org,Lake Maryfort,San Marino,2024-12-20
Ashlee Henderson,martinlaura@example.net,East Randall,Ireland,2024-11-06
Jamie Shepherd,patrickcarter@example.com,Autumnfort,Jamaica,2024-08-25
Tracie Carr,tpotter@example.net,Amberfurt,Morocco,2025-08-02
Marie Meadows,munozjames@example.com,East Paul,Bosnia and Herzegovina,2024-11-28
Mrs. Raven Collins,jeremyrichardson@example.org,Fowlerchester,Cambodia,2024-12-15
Tracy Mccann,matthewkelley@example.org,Meganport,French Guiana,2026-03-12
Jessica Johnson,vgill@example.org,Moniqueton,Ecuador,2025-03-09
Stephanie Weber,uballard@example.net,Lisachester,Djibouti,2026-01-21
Ronald Gibson,ycox@example.com,Jillfort,Syrian Arab Republic,2024-08-30
Kelly Mendez,iburgess@example.net,East Robertview,Swaziland,2026-05-23
Laurie Escobar,eric26@example.org,Cameronburgh,Ecuador,2025-03-10
Michael Hansen,shannon00@example.net,New Shirley,Jordan,2026-04-10
David Ramirez,currycarla@example.net,Thomasland,United States Virgin Islands,2024-09-30
Julia Franklin,xbrown@example.com,North Eric,Korea,2026-05-01
Jesse Sandoval,marywilliams@example.com,Lake Joshuaville,Micronesia,2025-09-13
Jessica Brooks,iwu@example.net,North Austinberg,Kuwait,2024-11-28
Dakota Davenport,skinnertroy@example.net,Millerberg,Bhutan,2026-05-10
Mike Fleming,stephen87@example.org,Richardsonside,Holy See (Vatican City State),2024-08-27
Ricky Garcia,robert19@example.com,Greenville,Belize,2025-07-26
Cynthia Hayes,nataliemorales@example.net,Port Jessicamouth,Benin,2025-03-16
Meghan Smith,joseph40@example.net,Andersenburgh,Malawi,2026-01-13
Amy Cook,iunderwood@example.net,Woodchester,Namibia,2025-09-19
Karl Ayala,grossgabriel@example.com,Port Williamview,Samoa,2024-10-27
Margaret Harper,thomasamy@example.net,Stacyport,Mexico,2025-11-08
Margaret Ferguson,peterspatrick@example.org,Lake Karenhaven,Christmas Island,2025-12-11
Brandon Kim,alvarezbryan@example.net,Bellfurt,Bhutan,2025-02-19
Mary Williams,mary53@example.org,Osbornebury,Burundi,2025-02-24
Patrick Rodriguez,dcooper@example.net,Sarahhaven,Congo,2024-06-28
Jason Luna,tiffanyhill@example.com,South Julie,Cook Islands,2024-09-22
Justin Garcia,lloydelizabeth@example.net,New Raymondmouth,Sweden,2025-01-20
Mary Lee,elizabethkoch@example.com,South Patricktown,Tanzania,2025-02-17
Colleen Watson,peter34@example.org,Parsonsport,Saint Helena,2026-04-17
Justin Richards,gutierrezshane@example.com,West Claudia,Paraguay,2025-05-01
Dillon Garrett,pbrown@example.net,Steventon,Canada,2026-05-16
Laura Kim,ashleymolina@example.org,South Garybury,United States Minor Outlying Islands,2025-04-03
Rodney Callahan,judy09@example.net,North Anthonyland,Lithuania,2025-05-12
Peter Patton,hunter06@example.com,New Angela,Austria,2024-07-29
Kenneth Davis,richardsjennifer@example.com,Josephmouth,Sudan,2024-11-01
Olivia Carroll,darlenelong@example.org,Barrettfurt,Cambodia,2025-10-12
Matthew Romero,bcline@example.org,East Patricia,Zambia,2024-06-04
Melissa Stephenson,galvanlinda@example.net,West Teresastad,Ghana,2024-07-06
Noah Powell,nathan47@example.org,South Maryborough,Japan,2025-07-18
Phillip Garcia,qsolomon@example.net,Port Carlfort,Malawi,2025-03-02
Amy King,haynesjessica@example.net,Monroeshire,South Africa,2024-10-09
Michael Mason,zshea@example.net,Jenkinsshire,Belarus,2024-10-05
Lee Jackson,yclayton@example.net,East Amberland,Zambia,2025-09-08
Jennifer Sandoval,omeyer@example.net,South Davidview,Netherlands,2025-12-30
Jon Nunez,tbates@example.org,Mooremouth,New Caledonia,2024-07-26
Hannah Garcia,fisherpatrick@example.com,Garrettmouth,Bermuda,2024-11-13
Mark Knox,uparker@example.com,Port Michael,French Southern Territories,2025-03-01
Angela Campbell,whitejeremy@example.com,Anthonytown,Egypt,2025-09-09
Erin Schroeder DVM,robert69@example.net,Reginaldburgh,Malawi,2024-12-18
Sonya Wallace,wilkersonmichelle@example.org,North Melanietown,Fiji,2025-04-27
Shawn Sawyer,bridgetsmith@example.org,Ramosland,Gabon,2024-06-23
Noah Warner,dannybell@example.com,Port Zacharychester,Saint Martin,2024-11-21
Victor Adams,anthonyavery@example.com,Jorgetown,Estonia,2025-04-15
Lauren Rosario DDS,james70@example.com,Medinaton,Ethiopia,2025-07-25
Tina Joyce,coxjoshua@example.com,Port Michael,Guatemala,2025-02-17
Scott Bartlett,frankgarcia@example.net,New Kaylachester,Djibouti,2025-05-12
Karen Morales,pbryant@example.org,Lake Nicole,Albania,2024-12-07
Curtis Parker,bruce80@example.com,West Daniellestad,San Marino,2025-09-05
Nicole Jones,thompsonlisa@example.com,Collinstown,Nepal,2026-05-25
Joseph Hatfield,alan51@example.org,East David,Western Sahara,2024-10-12
Cheryl Fisher,ljones@example.org,South Tiffanyberg,Guadeloupe,2025-04-15
Linda Molina,omacias@example.org,New Kelly,Pitcairn Islands,2024-06-18
Vicki Mccann,dsanchez@example.com,Jenniferview,Sudan,2025-01-04
Jennifer Walls,fmendoza@example.net,Lake Julieport,Tanzania,2025-08-30
James Gonzalez,ianperez@example.com,New Cassandraberg,Saint Barthelemy,2026-02-13
Jessica Cole,michaelcollins@example.com,Michelleside,Honduras,2026-02-13
Brittany Lambert,lserrano@example.net,Jeremyport,Russian Federation,2026-02-10
Alexis Evans,staciebailey@example.com,Jackbury,Mexico,2024-06-14
Alexandra Williams,michael48@example.net,Willistown,Serbia,2025-07-20
Sabrina Adams,scrawford@example.org,Lake Brandon,Indonesia,2025-03-26
Zachary Miller,brownmathew@example.net,Port Tamara,Bermuda,2026-04-08
Phillip Smith,andreagarcia@example.net,Alanfort,Mayotte,2025-05-09
Paula Russo,kristopher55@example.org,Jillmouth,Norway,2024-08-22
Tony Vazquez,zroberts@example.com,Port Christopher,Djibouti,2026-01-30
Benjamin Taylor,andrew00@example.com,New Melissa,Bahrain,2024-07-26
Bonnie Henderson,elizabethfranco@example.com,Lake Hannah,Bermuda,2026-01-14
James Goodwin,johnsonbrad@example.org,West Adam,Norway,2025-09-12
Breanna Watts,lisa86@example.com,Adamsshire,Benin,2025-12-11
Allen Bradley DDS,zford@example.com,East Jorge,Seychelles,2025-08-24
Bruce Medina,fwilliams@example.org,Cookton,Vietnam,2025-10-05
Kimberly Jimenez,hsilva@example.org,South Leonard,Saint Helena,2025-03-16
Daniel Howell,mark17@example.com,Lindseyfurt,Portugal,2024-12-05
Karen Aguirre,mcneilerik@example.net,Hannahshire,Australia,2024-06-04
Raven Dickson,travis54@example.com,Olsonland,Jordan,2025-05-13
John Gross,matthew64@example.net,New Tinafort,Algeria,2025-05-20
Karen Drake,qschultz@example.com,New Victoriaton,Slovakia (Slovak Republic),2024-09-19
Lisa Potts,rhunt@example.org,Lake Christopher,Argentina,2025-03-26
Kevin Cisneros,brandon14@example.net,Port Stevenport,Chad,2025-06-22
Albert Thompson,xbrewer@example.com,Jessemouth,Estonia,2025-08-06
Amy Martin,bensonbrandy@example.org,Christinabury,New Caledonia,2024-09-11
Carly Moore,thomas32@example.com,Mcfarlandhaven,Rwanda,2025-07-18
Tanya Morris,kellysmith@example.com,Christopherstad,Algeria,2026-04-15
Andrea Brown,ulang@example.com,South Michael,Chile,2025-12-02
Jennifer Brady,vanessajohnson@example.net,South Deborahstad,Portugal,2024-10-21
Paul Daniels,russellvanessa@example.net,Reginamouth,Western Sahara,2026-01-18
Brandon Rodriguez,melissajohnson@example.org,New Adamborough,Puerto Rico,2024-07-19
Laura Matthews,amyross@example.org,West Abigailport,Greece,2025-09-16
Jennifer Gross,mbowman@example.com,Christophermouth,Djibouti,2025-02-10
Lisa Keller,jesseschultz@example.org,East Benjamin,Senegal,2024-08-29
Daniel Marshall,christensenwalter@example.org,East Vanessastad,Saudi Arabia,2026-04-27
Dawn Wallace,ggreen@example.com,Anthonyshire,Netherlands,2025-05-21
Steven Carter,tperez@example.net,Parsonsstad,Maldives,2025-04-20
Ms. Carmen Randall,wbutler@example.com,New Sandra,China,2024-05-30
Matthew Nguyen,cschmidt@example.net,Kingland,Mauritania,2025-04-13
Larry Schwartz,hernandeztammy@example.org,Dodsonburgh,Lesotho,2026-05-02
Sally Nichols,wanderson@example.com,Lake Alexandra,Serbia,2025-09-09
Michael Robinson,csmith@example.org,Lake Karenside,Kuwait,2025-09-21
Amy Maynard,dianadavis@example.org,South Jacqueline,Portugal,2025-11-28
Mr. Clifford Williams,sara22@example.com,Lake Jeremy,Finland,2024-07-26
Stephanie Johnson,stephen82@example.com,Port Lisa,France,2024-08-11
Jason Ball,rebecca96@example.net,Sydneyside,Bahamas,2025-12-07
Douglas Willis,nporter@example.net,South Karenstad,Palestinian Territory,2024-11-19
Amy Reyes,schroederangela@example.com,South Amy,Uruguay,2025-03-13
Shawn Hoffman,krodriguez@example.net,Tiffanyport,Papua New Guinea,2025-12-26
Andre Lawrence,johnthomas@example.org,Port Sarah,Poland,2025-12-03
Gregory Morris,shannon40@example.net,Lake Tonya,Sweden,2025-10-31
Deanna Richard,whitevanessa@example.net,Port Daniel,Saint Pierre and Miquelon,2025-10-12
Nicole Zamora,yharris@example.com,North Meganfurt,Faroe Islands,2024-06-10
Stephen Matthews,lisa84@example.org,North Melanie,Bhutan,2026-02-09
Michelle Jones,iallen@example.org,New Robertborough,Finland,2025-11-14
David Crosby,roconnor@example.net,Lake Isaacburgh,Palau,2025-07-04
Garrett Larsen,codysparks@example.net,West Brandonport,New Zealand,2024-05-29
Jackson Conway,halldenise@example.com,Brewershire,Gibraltar,2024-08-26
Abigail Greer,david65@example.com,South Barry,Austria,2024-06-19
Amber Perry,klang@example.org,New Rachelmouth,Somalia,2026-05-02
Andrea Figueroa,robertcampbell@example.net,Lake Jacob,Taiwan,2025-10-07
Charles Ashley,pinedacarrie@example.com,Matthewfort,Mayotte,2024-10-02
Amy Hunter,cruzamy@example.com,Josephview,Fiji,2024-07-04
Melanie Ross,figueroadaniel@example.org,Rivasborough,San Marino,2025-03-10
Hannah Crawford,michael78@example.org,Rebeccaside,Moldova,2024-09-28
Susan Barton,alyssayoung@example.com,Lake Matthewview,Brazil,2025-12-14
Bobby Mcgee,harold17@example.org,Jasonview,Niue,2026-02-05
Mrs. Maria Wade,patrickjeffrey@example.org,North Natalie,American Samoa,2024-06-02
Meagan Potter,williamswilliam@example.com,Penningtonburgh,Angola,2026-03-21
Christopher Klein,phillipschase@example.org,East Margaretland,Liberia,2024-09-14
Shelley Alexander,danielmaynard@example.com,South Christopherbury,Western Sahara,2025-02-15
Mr. Sean Wells,warrenangela@example.org,Saramouth,Sierra Leone,2024-10-26
Christopher Anthony,reyestara@example.net,Thomashaven,Croatia,2025-01-18
Andrew Brown,vwilson@example.com,New Joseph,Lesotho,2026-05-01
Darlene Byrd,davidkirby@example.net,North Scottmouth,Ecuador,2024-12-20
Latoya Meyer,margaretcollins@example.com,South Christyview,Japan,2025-10-10
Trevor Lane,kbryant@example.com,New Tim,Philippines,2025-11-25
Nicole Gordon,pschroeder@example.net,Port Hannahton,Iran,2025-03-18
Lindsey Munoz,hannahgarza@example.org,Youngfurt,Swaziland,2026-02-10
Shannon Weber,russellthompson@example.net,Stephaniehaven,Turkmenistan,2026-04-24
Nicholas Fleming,dudleyvictor@example.org,New Matthewstad,Holy See (Vatican City State),2024-07-24
Joe Williams,robert28@example.org,New Elizabethhaven,Azerbaijan,2024-10-08
Dr. Jason Wright,spencerboone@example.com,New Josephshire,Bosnia and Herzegovina,2026-04-25
Ethan Estrada,kristen85@example.org,New Hollyview,Isle of Man,2025-05-08
Antonio Rice,otrujillo@example.org,Port Kathleenbury,Monaco,2024-07-15
Judith Le,kpayne@example.org,Delgadostad,Saudi Arabia,2025-08-29
Jesse Porter,sonya52@example.org,Kevinmouth,Equatorial Guinea,2025-11-09
Amy Jones,rbrown@example.org,Kimberlyport,Brazil,2026-05-12
Timothy Nguyen,brianwilliams@example.net,Nicoleshire,Ireland,2026-01-03
Sabrina Roberts,karennelson@example.com,West Sandra,Peru,2025-10-11
Maureen Rogers,holiver@example.org,Grantfort,Comoros,2024-10-10
Tara Bond,csmith@example.com,West Christopher,Lao People's Democratic Republic,2025-02-11
Donna Reese,kimberly99@example.net,East Allison,China,2025-08-12
Tiffany Mason,carolhurst@example.org,Lake Larryfort,Kiribati,2025-12-03
Brittany Johnson,qmolina@example.org,Ryantown,Cameroon,2026-04-24
Amy Mendoza,vcastro@example.com,Charlesburgh,Guinea-Bissau,2025-11-22
Mary Warren,xmorton@example.net,Michaelfort,Dominican Republic,2026-01-17
John Rowland,katherine80@example.net,New Garyland,Indonesia,2024-05-31
Edward Price,joepoole@example.com,Port Johnburgh,San Marino,2025-09-20
Lisa Gardner,jjoyce@example.net,South Herbert,Portugal,2024-06-21
Marie Petty,erik57@example.com,East William,Papua New Guinea,2024-06-17
Cheryl Rose,mariadavidson@example.com,Jamesland,Japan,2024-07-26
Larry Knight,pcooper@example.org,North Ashleyborough,British Indian Ocean Territory (Chagos Archipelago),2026-03-02
Kristy Castro,matthew36@example.com,Masonland,Malta,2025-06-20
Dean Atkinson,joshua50@example.org,North Kennethburgh,San Marino,2026-02-03
Jesse Russo,kristina59@example.net,Lake Johnport,New Caledonia,2026-03-13
Megan Anderson,stevenavery@example.net,West Michaelstad,Spain,2024-08-14
Kevin Smith,mmyers@example.org,South Peter,Egypt,2024-07-01
Erika Gibson,michaela10@example.net,West Angelaberg,North Macedonia,2025-05-31
Dana Pratt,ejohnson@example.org,West Davidberg,British Indian Ocean Territory (Chagos Archipelago),2025-05-17
Kathleen Gibson,christopherwalters@example.net,Kellyview,China,2025-08-01
Andrea Durham,washingtonthomas@example.net,West Donnaberg,Czech Republic,2026-04-20
Scott Vincent,justinsmith@example.net,Port Jessica,Mayotte,2024-12-09
Doris Avila,ogray@example.com,East Courtneyhaven,Morocco,2025-10-04
Diane Sheppard,matthew49@example.net,West Crystaltown,Seychelles,2024-07-30
Aaron Day,pearsonjennifer@example.com,North Jenniferchester,Monaco,2025-12-11
Christian Moore,jacob25@example.org,Port Sherry,Spain,2024-08-20
John Williams MD,walterrussell@example.com,Ashleyborough,Albania,2025-10-16
Amber Herrera,piercejohn@example.net,Fordfort,Isle of Man,2024-07-14
Juan Mcdaniel,adamhoffman@example.com,Aaronshire,Kiribati,2026-05-11
Colton Newton,qpowell@example.org,Jacksonberg,Saint Barthelemy,2025-04-29
Ashley Wood,fitzgeraldronald@example.com,West David,Lebanon,2024-08-09
Mark Harris,aprilnguyen@example.org,Moorehaven,Holy See (Vatican City State),2025-03-09
Carla Green,mullenapril@example.org,Lindseyburgh,Barbados,2025-07-15
Marcus Miller,rwilliamson@example.net,Lake Kendramouth,Thailand,2024-12-04
Monica Horton,kwatson@example.com,South Laurenfurt,Papua New Guinea,2024-09-21
Angela Nelson,sampsonjack@example.net,Stuartberg,Mayotte,2026-01-27
Elizabeth Bentley,terri95@example.net,West Leslietown,Saint Lucia,2024-06-08
Bradley Lyons,pjohnson@example.com,Tammyfort,Micronesia,2024-11-17
Diana Russell,blevinsmatthew@example.net,North Brandy,Cambodia,2024-07-26
Heather Williams,samantha18@example.com,Cooperview,Dominica,2024-11-25
Sandra Reed,xbriggs@example.org,Matthewland,Bosnia and Herzegovina,2024-07-20
Jeffrey Bowman,robert55@example.org,Justinborough,Cote d'Ivoire,2026-04-13
John Perez,fthompson@example.net,Port Jessicashire,Portugal,2025-06-16
Paul Gray,hendersonmelinda@example.org,Thomasstad,South Georgia and the South Sandwich Islands,2025-02-09
Eric Evans,rebecca24@example.com,West Alyssaside,French Guiana,2026-02-11
Charles Stewart,pittmanpatricia@example.net,Clarkland,Bahamas,2026-04-24
Jay Lamb,rhondaanderson@example.net,Lake Jackson,Tuvalu,2026-01-28
Laura Coleman,brent41@example.com,North Melinda,Venezuela,2025-10-05
Casey Hoffman,torressteven@example.com,Lake Matthewmouth,Myanmar,2026-03-24
Beth Woods,sarahschultz@example.org,Santiagobury,Macao,2025-02-12
Paige Dixon,wiseshawn@example.com,Patrickmouth,Nepal,2026-03-21
Maria Rasmussen,amyroberson@example.net,Shaunville,Martinique,2025-12-05
Stephanie Stanley,harrychan@example.net,Charlesberg,Saint Martin,2026-01-10
Micheal Maldonado,wilsonmelinda@example.net,Garciabury,Lithuania,2024-09-16
Elizabeth Hernandez,millerjeanette@example.org,New Taylor,Saint Helena,2024-11-06
Daisy Evans,cynthia64@example.net,Taylorfurt,Venezuela,2025-06-17
Richard Klein,juliadickerson@example.org,Whiteton,Northern Mariana Islands,2024-12-21
Kevin Herrera,browndavid@example.com,Brooksview,Denmark,2024-11-19
Mr. Richard Castillo,phillipsdanielle@example.org,West Jackson,Austria,2025-11-13
Jason Moore Jr.,alex06@example.net,Dicksonfurt,Grenada,2026-04-12
Paula Hodge,sarahbailey@example.com,West Susan,Gabon,2024-12-19
Lisa Cannon,daniellethomas@example.net,Patriciachester,Niue,2024-08-27
Jennifer Valdez,diane98@example.com,Lambchester,Burundi,2025-11-11
Francisco Gibbs Jr.,tanya30@example.net,Manuelfurt,Uruguay,2025-02-23
Jason Cowan,megancarney@example.com,New Dale,Niger,2025-04-21
Sharon Knapp,campbellalison@example.net,Jimmyton,Burundi,2026-02-19
Katherine Bradley,wellsross@example.com,East Mary,Grenada,2025-04-14
Jamie Henry,margaret16@example.com,Port Luisstad,Ecuador,2025-10-24
Steven Galloway,aaronhernandez@example.com,North Anthonychester,French Southern Territories,2026-02-14
Jennifer Green,jdavis@example.org,Hayesside,Brazil,2026-01-28
Robert Martin,turnermichael@example.net,West Jeremymouth,Nigeria,2024-11-24
Lauren Acevedo,obrown@example.com,West Jennifer,Haiti,2026-03-30
John Cross,gwood@example.com,East Christopherberg,Mayotte,2024-08-22
Jeremy Allen,esmith@example.net,South Mark,Nigeria,2026-01-27
Andrew Brock,eric66@example.net,Lake Teresashire,Panama,2025-10-17
Kaitlin Flores,cknight@example.com,Laurenville,Turkey,2024-09-11
Rodney Le,mariecooke@example.net,Stewartshire,Lesotho,2024-07-04
Michael Harris,sthompson@example.com,Nicoleburgh,Pakistan,2025-08-01
Patrick Chapman,yshea@example.org,Port Rebeccaport,Tokelau,2024-11-26
Carlos Richardson,ruizallison@example.com,North Patrick,Reunion,2026-04-14
Robert Diaz,hphillips@example.org,Jacobhaven,United States Virgin Islands,2024-07-28
Ryan Harrison,daviskimberly@example.org,Lake Christyview,Timor-Leste,2025-06-10
Colton Davis,jeffrey36@example.net,New Stephen,Andorra,2024-07-11
Natalie Taylor,jamie91@example.org,Gordonborough,Chile,2025-05-27
Stefanie Williams,kathypowell@example.org,Millerchester,Oman,2025-09-26
Paul Perkins,jennifer44@example.net,Loveton,Benin,2025-01-08
Michael Mendez,dianemolina@example.net,Kennethbury,Dominica,2026-04-26
Kirsten Diaz,whiteeugene@example.com,Stevenbury,Suriname,2024-11-22
Robert Johnson,hutchinsonzachary@example.net,Hamptonchester,Western Sahara,2024-08-12
Michael Martin,ramirezvictoria@example.org,Hernandezmouth,Burundi,2025-07-03
Dr. Jamie Bernard,amy42@example.com,Port Marissaville,Nicaragua,2024-11-05
Glenn Griffin,margaret72@example.net,Nguyenton,Saint Barthelemy,2026-02-26
Becky Reeves,rickylopez@example.net,Frankberg,Aruba,2026-01-02
Tonya Hart,lbrown@example.org,Darrellfort,Christmas Island,2026-03-19
Thomas Charles,frederickmiguel@example.org,Matthewsbury,Andorra,2026-02-14
Tracey Carr,ashleyarmstrong@example.net,Larryhaven,Oman,2026-03-18
Heather Frye MD,brian85@example.net,Kennethland,Lithuania,2026-05-04
James Wright,sullivanamber@example.com,North Paigefort,Papua New Guinea,2025-06-12
Nicholas Stevens,bgutierrez@example.net,East Lance,Ecuador,2026-05-14
Darren Moore,zmueller@example.net,West Charles,Reunion,2024-12-10
David Watson,thomaslee@example.org,Lake Chrismouth,Sri Lanka,2024-09-28
Shannon Perez,emilywright@example.net,West Crystal,Mozambique,2025-08-29
Wendy Yu,stevendunlap@example.net,Port Bonnie,Belize,2024-06-24
Jennifer Butler,cartererica@example.net,West Alyssaburgh,Somalia,2024-11-19
Scott Eaton,randallsarah@example.org,Lake Brian,Wallis and Futuna,2024-10-20
Kristin Cooper,lisagilbert@example.com,New Andreaside,Heard Island and McDonald Islands,2026-04-06
Michael Flynn,igallagher@example.net,Browningberg,Malaysia,2024-10-17
Eric Johnson,nelsonkevin@example.org,South Eric,Wallis and Futuna,2025-12-09
Patricia Cox,smithmichael@example.com,Brandonberg,Bermuda,2024-12-06
Paul Forbes,christine91@example.net,West Scott,Czech Republic,2025-07-08
Timothy Gaines,banderson@example.org,West Erica,Indonesia,2025-03-27
Jennifer Valencia,nicholas02@example.com,West Yeseniaport,Sweden,2025-06-04
Mary Osborne,vincentwilson@example.org,Natalieburgh,Equatorial Guinea,2024-08-14
Sarah Guerrero,dalele@example.net,West Robinside,Wallis and Futuna,2024-11-25
Cheryl Kelly,delgadolance@example.com,Bradyside,Peru,2025-01-22
Erika Hardy,penadavid@example.org,Tracichester,Nauru,2025-11-24
Charles Wagner,jrichardson@example.net,West Jason,Azerbaijan,2025-09-02
Amanda Reynolds,harmonsarah@example.net,West Adrianfurt,Mauritania,2025-02-12
Carmen Ortega,xswanson@example.net,New Brett,Tokelau,2026-03-23
Christopher Martin,awilliams@example.org,Kristinburgh,Rwanda,2024-07-30
Jessica Charles,ggardner@example.net,New Amyside,Lebanon,2025-02-12
Dakota Hunt,christopher61@example.net,Nashhaven,Georgia,2025-10-11
Kendra Lowe,millermarc@example.net,Cherylberg,Israel,2025-02-19
Kyle Charles,susan25@example.org,Jessicamouth,Maldives,2026-01-23
Tammy Neal,anthony00@example.com,Sandovaltown,Korea,2025-01-21
Tammy Shaw,sullivandavid@example.net,North Peter,Gibraltar,2026-02-08
Catherine Harmon,jonesbrittany@example.org,Williamview,Korea,2025-06-15
Edward Nguyen,bobby82@example.net,Yvetteside,Brazil,2025-11-07
Steven Thompson,margaret31@example.com,Riveraport,Botswana,2026-02-04
Mary Snyder,jonathan07@example.net,New Jimborough,Cocos (Keeling) Islands,2024-08-26
Christina Taylor,aprilbaker@example.net,Port Alicia,Moldova,2025-11-30
Brittany Lynch,wesleygraham@example.org,Harrisland,Oman,2025-08-31
Ronnie Hamilton,christinedavis@example.org,Frederickton,Senegal,2024-11-22
Matthew Simpson,richard40@example.com,Debrahaven,Moldova,2025-07-06
Robin Fitzpatrick,milesdawn@example.com,Powellview,Argentina,2026-05-28
Ian Chapman,aaronbeck@example.net,North Caleb,Equatorial Guinea,2024-07-15
Stephanie Mills,hspence@example.com,Frenchchester,Russian Federation,2025-01-17
Maria Knight,xkelley@example.net,Holdenburgh,Bahamas,2025-04-28
Henry Wagner,tyrone23@example.com,Alyssaport,Italy,2024-06-15
Sherri Cannon,darleneevans@example.com,New Deborahport,Russian Federation,2024-10-20
Mrs. Gina Adams,wrodriguez@example.net,Kurtborough,Zimbabwe,2026-04-10
Lauren Scott,sarias@example.net,East Tinafort,India,2026-05-04
Taylor Lopez,rogerssuzanne@example.org,Emilyfort,Gambia,2025-09-26
Alicia Adams,wwalters@example.com,Lake Lisaland,Montenegro,2025-06-05
Jeffrey Martinez,cory91@example.org,South Douglasside,Cocos (Keeling) Islands,2025-05-20
Brandon Silva,valdezjennifer@example.net,Murphytown,Jamaica,2024-11-28
Lauren Miller,alvarezcheryl@example.net,South Michaelfurt,Kuwait,2024-09-15
Sandra Moore,bbutler@example.net,Charlesside,Trinidad and Tobago,2024-06-01
Jonathon Rogers,brandy26@example.org,Lake Ashleyfurt,Netherlands Antilles,2026-03-31
Stacey Torres,chaneyjose@example.com,North Brandon,Tuvalu,2025-07-17
Daniel Davis,stephen16@example.com,Garcialand,Svalbard & Jan Mayen Islands,2026-02-13
Richard Browning,holmessarah@example.org,Meaganside,South Africa,2026-03-14
Brenda Curtis,mariastewart@example.net,Miguelbury,Iran,2026-03-17
Louis Stewart,gford@example.com,Loganfurt,Angola,2024-07-08
Rebecca Knight,kevinthompson@example.net,North Lindsay,Faroe Islands,2025-11-06
Charles Carrillo,ijames@example.com,Ellistown,Dominican Republic,2024-08-11
Andrea Harris,jtucker@example.org,Bradshawside,Indonesia,2024-06-13
Kim Ward MD,jennifer97@example.net,Youngton,Mayotte,2024-07-02
Sharon Mathis,kbarrera@example.org,West Roberttown,Malaysia,2024-07-14
Sherry Warner,jsnow@example.com,Kimberlyview,Tajikistan,2024-10-16
Vincent Gaines,teresa15@example.org,South Mark,Nauru,2024-08-22
David Foster,dana60@example.org,Pattersonfort,Saint Lucia,2025-07-06
Bruce Kim,edwardarmstrong@example.com,Burgesshaven,Turks and Caicos Islands,2025-08-11
Gina Phillips,russellanna@example.com,South Teresaville,Trinidad and Tobago,2025-04-07
Terry Johnson,rfrederick@example.org,West Juliemouth,Swaziland,2024-11-26
Brooke Love,abrown@example.org,Ericville,Namibia,2024-09-02
Jesus Mendoza Jr.,derek56@example.org,New Mark,Vietnam,2026-03-21
Brandon Carey,nicholaspacheco@example.net,Katelynmouth,Haiti,2025-03-20
Virginia Brown,russell84@example.org,West David,Moldova,2024-10-08
Anthony Orr,alyssadixon@example.com,Brownville,Kenya,2026-03-26
Joshua Martinez,juarezangela@example.com,South Carl,Nauru,2024-05-31
Stephanie Dominguez,nhoward@example.com,North Johnbury,Russian Federation,2024-10-04
Benjamin Patterson,oconnellralph@example.org,South Natalie,Antarctica (the territory South of 60 deg S),2025-11-06
Ryan Spence,michael38@example.com,Martinezbury,Solomon Islands,2025-01-27
Dr. Jennifer Maxwell,andrew89@example.com,North Teresahaven,Trinidad and Tobago,2024-12-30
Kyle Kramer,cherylday@example.com,Williamsfort,Puerto Rico,2025-09-10
Shannon Henderson DVM,debbiesexton@example.com,North Alyssa,Bahamas,2025-09-23
Anthony Hammond,wileyashley@example.org,Joelville,Egypt,2025-08-08
Elizabeth Adams,rhondastokes@example.net,South Sara,British Indian Ocean Territory (Chagos Archipelago),2025-09-09
Erica Alexander,bakerannette@example.net,Lake Aliciashire,Myanmar,2025-12-22
Samuel Moore,kari78@example.net,Justinland,Guyana,2025-02-12
Allen Ramirez,smithjustin@example.net,Lake Elizabeth,Botswana,2025-10-09
Monica Aguirre,stephanieanthony@example.com,Joelside,Lesotho,2025-08-05
Jacqueline Anderson,grichard@example.net,Elainehaven,Algeria,2025-08-11
Breanna Romero,vazquezchristopher@example.net,West Brendashire,Sudan,2025-04-07
Ronald Garrett,jberg@example.org,Gregoryport,Lithuania,2026-05-06
Sandra Roberts,bnguyen@example.com,Wattsburgh,United States Minor Outlying Islands,2024-06-13
Amy Hanson MD,william19@example.com,Johnshire,Lebanon,2026-03-15
Charlene Sparks,james96@example.org,Vargaston,Bangladesh,2025-08-08
Joshua Nelson,jenniferoneal@example.org,Lanetown,Seychelles,2025-10-24
Connie Butler,dcarter@example.org,New Sharonborough,Kuwait,2025-02-02
Brandon Matthews,dianamartin@example.com,North Theodoreburgh,Reunion,2024-06-18
David Garcia,williamsbrandon@example.net,Soniaberg,Saint Vincent and the Grenadines,2024-11-20
Michael Mcknight,curtismatthew@example.com,Kimberlychester,Vanuatu,2025-08-05
Tiffany Baird,stevensosa@example.net,Port William,Maldives,2025-04-23
Terri Winters,newmansteven@example.com,Smithchester,Israel,2025-01-05
Alexandra Andrews,janicebrown@example.org,Danielsland,Samoa,2025-05-19
Nicole Aguilar,laurafox@example.net,Port Alyssaborough,Lithuania,2026-02-16
Karen Ruiz,benjaminperkins@example.org,South Daniel,Tanzania,2024-06-24
Wendy Chambers,scottashley@example.com,West Jason,Nicaragua,2024-12-27
Crystal Grant,mcmahonkelsey@example.net,Port Ana,Sao Tome and Principe,2025-06-27
Nicole Brown,lindsey38@example.net,New Holly,Martinique,2025-05-13
Diane Taylor,barbarairwin@example.net,Lake Jessicaland,Argentina,2024-07-13
Deborah Wolfe,yhall@example.org,Millerborough,Algeria,2024-08-08
Laura Thomas,markmcdaniel@example.org,Lake Gregory,Cote d'Ivoire,2026-04-27
Chad Hawkins,kevingray@example.com,Lake Donaldfort,Turkey,2025-03-25
Sarah Johnson,michelewright@example.net,East Megan,Mauritania,2025-11-27
Tammy Velazquez,paulmay@example.net,West Tonya,Taiwan,2025-04-11
Kathleen Mclaughlin MD,davisanne@example.com,Christopherchester,Cyprus,2026-05-12
Lauren Mcgrath,jramos@example.net,Chapmanside,Tanzania,2024-12-28
Nicholas Flores,ulindsey@example.net,Angelaborough,Panama,2024-06-30
Bryce James,liurobert@example.net,Alexandermouth,Zimbabwe,2026-03-25
Scott Rodriguez,kaitlynshelton@example.com,North Jonathanbury,Swaziland,2025-02-03
Joseph Jones,julie02@example.com,Kennethfort,Western Sahara,2026-05-07
Michele Mitchell,ftaylor@example.org,Nicholasview,Palau,2025-05-28
Stacey Andrade,qowens@example.org,East Elizabeth,Lesotho,2025-12-24
Jacob Smith,ctyler@example.org,East Justin,Netherlands,2025-03-12
Mrs. Lauren Lucas,castillotheresa@example.org,Port Christyhaven,Svalbard & Jan Mayen Islands,2024-08-05
Phillip Gaines,mariamoyer@example.org,Paulton,Sao Tome and Principe,2026-05-14
Ethan Smith,crystalgates@example.com,South Howard,Guadeloupe,2025-11-07
Wesley Cruz,harrischristine@example.com,North Williamborough,Lithuania,2026-04-28
George Williams,lwilliams@example.org,North Robertshire,Kenya,2024-08-28
Jennifer Wilson,anthony02@example.com,Alexton,Peru,2024-07-31
Karen Morris,rachelholmes@example.org,Riverachester,Malawi,2024-08-11
Joshua Davis,zhernandez@example.com,South Allen,Uganda,2025-09-14
Michael Wu,kreeves@example.net,Charlesside,Portugal,2025-09-13
Manuel Brandt,gerald12@example.org,Brittanychester,Mozambique,2024-10-03
Christine Bonilla,amy06@example.com,Marquezmouth,Philippines,2024-06-13
Vanessa Dickson,raymondstephanie@example.com,New Michaelside,Saudi Arabia,2025-05-16
Wendy Duncan,hconley@example.org,West Maureen,Palestinian Territory,2024-12-17
Billy Joseph,barbara71@example.org,Edwintown,Gibraltar,2026-02-15
Melanie Nelson,wrightdavid@example.org,Webbberg,Papua New Guinea,2025-11-21
Ronald Gonzalez,jessica70@example.net,East Jacob,Norway,2025-04-17
Laurie Adams,keith91@example.com,North Emma,New Zealand,2026-03-11
Derrick Smith,rachel05@example.net,Lake Robertburgh,Bulgaria,2026-02-22
Michael Cook,samantha09@example.net,Port William,Czech Republic,2024-08-05
Nathaniel Johnson,edwinrivera@example.com,Wallton,Slovakia (Slovak Republic),2025-03-09
Tyler Holland,vsmith@example.org,North James,Antarctica (the territory South of 60 deg S),2024-08-30
Leslie Brennan,mlawson@example.org,Ericburgh,Greenland,2024-12-18
Carla Brooks,sortiz@example.net,West Joshua,Estonia,2024-07-01
Monica Collier,john10@example.com,Roachmouth,New Caledonia,2026-04-24
Jared Perez,nguyenjessica@example.com,Meganstad,Taiwan,2025-01-31
William Kennedy DDS,jasoncharles@example.com,Craigfurt,Cape Verde,2025-07-09
Heather Scott,bkelly@example.org,Jacobton,Saint Kitts and Nevis,2025-02-18
Chelsea Sandoval,ojohnson@example.net,Port Timothyport,Belgium,2025-10-24
Gregory Murphy,mitchellallison@example.org,Pereztown,France,2024-11-16
Sarah Jacobs,hamiltonkayla@example.net,Timothyville,North Macedonia,2025-10-25
Norma Sawyer,udavis@example.com,Lambside,United States of America,2025-12-20
Paula Austin,abest@example.org,Moorechester,Belgium,2024-11-01
Darren Sanchez,michael27@example.net,Joshuaview,Italy,2024-06-16
Jesse Jordan,jason63@example.net,West Maryfort,Montenegro,2025-08-12
Richard Tucker,fernandezjames@example.org,West Michael,Saudi Arabia,2025-04-12
Susan Kim,charles25@example.org,West Justin,Egypt,2024-08-07
Michael Valdez,levinejoseph@example.com,Parkerside,Montenegro,2025-09-25
Zachary Pruitt,stonekendra@example.net,South Matthew,Mexico,2025-05-12
Mr. Duane Rivera,joshuamay@example.org,Cynthiatown,Kuwait,2025-02-18
Dennis Mccoy,john01@example.org,Markville,Yemen,2025-07-01
